,Delay
2912,0
10700,0
12643,0
18206,0
8409,0
9841,0
18304,0
15401,0
12635,0
16321,0
729,0
17723,0
1640,0
4496,0
14682,0
13977,0
542,0
9711,0
6451,0
16555,0
3999,0
2998,0
11717,0
16177,0
4046,0
426,0
15475,0
5252,0
3934,0
16820,0
10010,0
19511,0
13431,0
9785,0
18745,0
6181,0
14112,0
12986,0
11524,0
8665,0
7152,0
54,0
2973,0
4548,0
2959,0
13727,0
16588,0
15073,0
17122,0
13593,0
1373,0
17195,0
11136,0
7638,0
3485,0
6292,0
10719,0
11497,0
15112,0
20000,0
11518,0
9542,0
17292,0
15731,0
19643,0
16742,0
3189,0
5384,0
3721,0
3894,0
49,0
9575,0
2932,0
18350,0
11955,0
5999,0
6051,0
19011,0
13494,0
8898,0
9731,0
1303,0
19060,0
13188,0
5090,0
12519,0
9437,0
5168,0
10902,0
14831,0
5547,0
2487,0
13530,0
17637,0
13347,0
15669,0
7590,0
16396,0
15285,0
16537,0
2425,0
19616,0
15723,0
10906,0
9406,0
6866,0
11414,0
8821,0
14107,0
2958,0
14745,0
6357,0
5527,0
6335,0
8508,0
13236,0
15626,0
4449,0
14322,0
14770,0
16234,0
13235,0
5468,0
3463,0
19569,0
10113,0
10089,0
1722,0
4279,0
13720,0
3595,0
7476,0
6084,0
18434,0
19550,0
18493,0
12589,0
3585,0
10342,0
14228,0
11118,0
8645,0
3511,0
14217,0
12554,0
4391,0
12876,0
18346,0
608,0
8889,0
8722,0
8778,0
14590,0
2144,0
19999,0
14931,0
2609,0
15698,0
19242,0
16536,0
14645,0
3682,0
10062,0
953,0
17853,0
14954,0
15616,0
7908,0
10414,0
19467,0
2540,0
5513,0
1270,0
19275,0
9048,0
1691,0
14982,0
17416,0
11082,0
2727,0
16815,0
6202,0
9985,0
7451,0
9192,0
14654,0
4641,0
18504,0
16606,0
483,0
3015,0
13546,0
18647,0
14967,0
5456,0
10919,0
5116,0
13228,0
13206,0
2485,0
12102,0
8743,0
2974,0
5787,0
907,0
1576,0
15431,0
11503,0
7985,0
14521,0
11967,0
18986,0
5485,0
14897,0
16263,0
1989,0
17617,0
17604,0
4045,0
18074,0
7285,0
17252,0
2664,0
8616,0
16737,0
9025,0
10144,0
1457,0
17215,0
6930,0
6735,0
6161,0
19277,0
13724,0
19951,0
5332,0
15801,0
4073,0
2950,0
15610,0
1393,0
15991,0
16998,0
10532,0
16887,0
3014,0
14015,0
16699,0
19124,0
4475,0
4371,0
13619,0
6097,0
10995,0
13805,0
2045,0
15667,0
8871,0
19205,0
14769,0
2736,0
17654,0
1208,0
18185,0
18013,0
15127,0
14962,0
14390,0
5943,0
8293,0
10569,0
5742,0
1090,0
8840,0
10571,0
3508,0
15814,0
1533,0
12998,0
16090,0
3200,0
2614,0
10596,0
14938,0
2546,0
16095,0
14324,0
6978,0
10788,0
5460,0
4590,0
4110,0
10489,0
10511,0
16493,0
15601,0
6180,0
10349,0
7408,0
3950,0
8678,0
4037,0
7615,0
14690,0
4980,0
13198,0
10543,0
10129,0
9426,0
10648,0
18615,0
16722,0
14185,0
9143,0
5888,0
16072,0
15659,0
6876,0
13308,0
17555,0
6690,0
5996,0
7303,0
6753,0
2066,0
7443,0
4936,0
8842,0
2271,0
7459,0
19398,0
3415,0
8850,0
5446,0
19960,0
7361,0
5170,0
16927,0
6006,0
7353,0
18592,0
10731,0
17612,0
18420,0
15209,0
14273,0
9153,0
15867,0
14935,0
13442,0
4731,0
11712,0
4328,0
10528,0
19713,0
17645,0
12642,0
8306,0
17623,0
12776,0
18183,0
19470,0
10242,0
13809,0
5883,0
4160,0
13719,0
3295,0
15498,0
15891,0
13522,0
9535,0
19594,0
5557,0
13101,0
15650,0
13257,0
17318,0
18136,0
15355,0
9844,0
12760,0
15375,0
18432,0
6087,0
16464,0
10519,0
17951,0
3298,0
9090,0
1166,0
7100,0
3470,0
4724,0
9585,0
15219,0
6933,0
5597,0
1783,0
13504,0
9618,0
17191,0
15553,0
12395,0
5632,0
10739,0
1621,0
5225,0
14771,0
19566,0
10549,0
19272,0
7306,0
11598,0
17832,0
19659,0
17906,0
13084,0
9745,0
7250,0
12059,0
2788,0
15905,0
15362,0
3038,0
14751,0
8774,0
14691,0
5032,0
18607,0
347,0
6277,0
19410,0
7091,0
15838,0
5880,0
7864,0
4952,0
1477,0
17411,0
14340,0
7248,0
255,0
7283,0
9138,0
4513,0
107,0
3717,0
6702,0
416,0
6516,0
8762,0
9222,0
2274,0
2470,0
6708,0
6157,0
3033,0
17117,0
3628,0
10054,0
13035,0
5556,0
8495,0
7063,0
19481,0
5896,0
8562,0
1618,0
8471,0
7045,0
2924,0
3206,0
17700,0
4274,0
12912,0
13415,0
18662,0
10334,0
1950,0
4829,0
15818,0
17614,0
11074,0
16732,0
19842,0
10630,0
10043,0
18340,0
19254,0
1787,0
36,0
4187,0
12295,0
1555,0
7252,0
6398,0
15977,0
16399,0
3708,0
19968,0
8065,0
14272,0
5775,0
9414,0
13570,0
17892,0
7073,0
17712,0
19761,0
17280,0
1746,0
13338,0
14764,0
13496,0
4038,0
12894,0
12604,0
5932,0
11699,0
17864,0
14644,0
4606,0
16777,0
7565,0
19587,0
39,0
13285,0
12076,0
8968,0
2980,0
10038,0
19425,0
3544,0
2867,0
12850,0
14070,0
1878,0
19568,0
2729,0
13231,0
6850,0
414,0
7887,0
6386,0
20032,0
16564,0
15987,0
6333,0
9248,0
3705,0
6635,0
12731,0
11914,0
14617,0
10352,0
3495,0
15764,0
12551,0
12513,0
18603,0
1485,0
17031,0
7652,0
11466,0
13993,0
14225,0
10664,0
5134,0
23,0
10577,0
12223,0
17831,0
2036,0
3065,0
9770,0
6109,0
14152,0
7098,0
6375,0
7871,0
675,0
17690,0
4075,0
9380,0
6676,0
10437,0
15221,0
7636,0
17056,0
573,0
8760,0
6993,0
5396,0
14499,0
8815,0
5679,0
68,0
10107,0
14440,0
4746,0
9059,0
15058,0
10845,0
5691,0
8948,0
13402,0
10172,0
11488,0
4341,0
3017,0
16982,0
13723,0
12320,0
7980,0
10461,0
9213,0
18157,0
19086,0
5837,0
18150,0
13786,0
5044,0
9014,0
3838,0
6351,0
9734,0
17244,0
16809,0
17897,0
14498,0
14819,0
15908,0
10881,0
15331,0
12877,0
9102,0
19013,0
2984,0
3279,0
2815,0
2649,0
4923,0
12384,0
2347,0
17232,0
7790,0
3822,0
14078,0
9767,0
114,0
6991,0
4250,0
7550,0
8422,0
16037,0
16798,0
3853,0
5813,0
19688,0
1758,0
13072,0
7644,0
3680,0
17585,0
18064,0
3598,0
15882,0
7410,0
20026,0
9000,0
6278,0
13932,0
19526,0
6319,0
14612,0
12983,0
16467,0
1780,0
6927,0
3955,0
19553,0
3428,0
1843,0
770,0
16971,0
14677,0
1941,0
15442,0
8265,0
3397,0
11617,0
5064,0
4027,0
17580,0
16976,0
1660,0
18211,0
14885,0
3963,0
10329,0
4414,0
10279,0
19145,0
9875,0
3146,0
17313,0
7507,0
144,0
3514,0
14974,0
5897,0
4349,0
7102,0
8000,0
19984,0
8620,0
1437,0
15536,0
7960,0
11659,0
4692,0
7441,0
6255,0
20021,0
8594,0
18369,0
65,0
13413,0
16240,0
18056,0
6185,0
14843,0
2865,0
12375,0
11041,0
5113,0
4408,0
6025,0
9987,0
6890,0
7512,0
19395,0
18083,0
7272,0
14065,0
6071,0
13577,0
3954,0
4403,0
15006,0
18038,0
15914,0
6857,0
5353,0
4587,0
16539,0
18858,0
17866,0
13895,0
17096,0
7238,0
3724,0
4867,0
16828,0
7255,0
13398,0
15580,0
13745,0
4374,0
4087,0
15727,0
15237,0
1897,0
12368,0
7416,0
1264,0
10317,0
16057,0
6609,0
13634,0
19990,0
1830,0
4181,0
10480,0
10613,0
5957,0
11968,0
11392,0
1055,0
594,0
1525,0
17804,0
5824,0
5154,0
13726,0
10583,0
15784,0
17010,0
10708,0
761,0
7824,0
15027,0
13295,0
15738,0
7042,0
9326,0
8724,0
8664,0
18955,0
3378,0
8584,0
6347,0
8910,0
8581,0
19428,0
18422,0
8250,0
16111,0
6680,0
8930,0
11227,0
10946,0
10299,0
2822,0
12954,0
11802,0
1973,0
267,0
14906,0
15621,0
2770,0
13271,0
11880,0
7991,0
14904,0
11214,0
318,0
1536,0
1471,0
12324,0
19776,0
11972,0
6908,0
2303,0
2507,0
4681,0
8402,0
4747,0
16051,0
12846,0
9659,0
1809,0
16979,0
14126,0
9899,0
1715,0
7614,0
8676,0
6436,0
17867,0
5828,0
10753,0
7351,0
13763,0
15002,0
6929,0
17559,0
15872,0
19751,0
13886,0
8991,0
13042,0
4861,0
740,0
9444,0
10958,0
15538,0
5712,0
7640,0
1249,0
16858,0
2218,0
18228,0
18039,0
16934,0
16888,0
12598,0
10959,0
6334,0
4549,0
19771,0
7044,0
11209,0
9668,0
2354,0
14013,0
13215,0
16518,0
5327,0
1434,0
264,0
8324,0
18200,0
19399,0
10780,0
13249,0
11449,0
13303,0
17348,0
17521,0
10134,0
18100,0
7383,0
3487,0
6044,0
15361,0
11622,0
9955,0
10257,0
9224,0
14405,0
11178,0
9543,0
12200,0
14841,0
16488,0
11031,0
7862,0
13020,0
11876,0
562,0
1031,0
5765,0
17635,0
12789,0
19014,0
7058,0
4377,0
9755,0
6976,0
8166,0
6050,0
17488,0
17267,0
4558,0
12459,0
7904,0
15973,0
9189,0
7039,0
9935,0
6021,0
15139,0
7308,0
19703,0
6634,0
12066,0
10036,0
17981,0
1669,0
16207,0
8176,0
11681,0
17400,0
20043,0
3898,0
6744,0
7919,0
6156,0
3312,0
479,0
11668,0
18232,0
2477,0
8835,0
17331,0
4970,0
5531,0
6101,0
6395,0
8807,0
5608,0
11648,0
17180,0
4878,0
3804,0
15868,0
6486,0
13784,0
12440,0
7663,0
19658,0
8922,0
9691,0
7546,0
17074,0
9387,0
11369,0
14030,0
14957,0
2340,0
2913,0
12550,0
17363,0
1596,0
14744,0
19637,0
19740,0
4839,0
4889,0
17296,0
762,0
11105,0
16401,0
4840,0
16200,0
7076,0
6189,0
12353,0
5461,0
12049,0
12628,0
5156,0
4756,0
9144,0
11376,0
11570,0
530,0
17578,0
12730,0
19130,0
19072,0
19110,0
17731,0
13842,0
15909,0
1801,0
17277,0
19449,0
839,0
13424,0
5715,0
1786,0
17839,0
19871,0
11805,0
15301,0
8040,0
17230,0
883,0
543,0
11551,0
4919,0
18869,0
1977,0
12326,0
4457,0
15405,0
2160,0
7820,0
15051,0
18657,0
5434,0
17737,0
17284,0
17239,0
510,0
13301,0
8194,0
19942,0
8914,0
15268,0
9049,0
5526,0
12139,0
8031,0
11702,0
2804,0
14970,0
2702,0
16096,0
10331,0
14024,0
753,0
13823,0
13356,0
10323,0
18627,0
4129,0
10732,0
17705,0
10604,0
18712,0
14811,0
9119,0
10901,0
19590,0
18783,0
12107,0
5825,0
10624,0
15074,0
5165,0
4694,0
14136,0
7599,0
13034,0
14766,0
12399,0
3442,0
5973,0
10037,0
6820,0
10125,0
8776,0
208,0
2337,0
10333,0
4872,0
3066,0
11817,0
16956,0
11633,0
5621,0
4801,0
3909,0
15031,0
7527,0
16834,0
14681,0
11535,0
703,0
5172,0
18812,0
12749,0
7828,0
15676,0
10075,0
9806,0
4960,0
8866,0
19493,0
4364,0
8642,0
12616,0
18723,0
10231,0
7699,0
11505,0
13143,0
19615,0
12078,0
13346,0
2416,0
17358,0
2366,0
10421,0
19039,0
4786,0
3996,0
7074,0
7540,0
3679,0
17538,0
14773,0
12214,0
8425,0
6194,0
19806,0
7570,0
14798,0
19913,0
17410,0
4617,0
9358,0
908,0
8917,0
13695,0
2293,0
8267,0
1841,0
7273,0
5651,0
8824,0
6674,0
15383,0
9299,0
4121,0
15886,0
1201,0
18347,0
11433,0
7229,0
1701,0
5879,0
12531,0
11006,0
14450,0
11768,0
14403,0
7730,0
17615,0
18423,0
10016,0
7391,0
11352,0
110,0
15466,0
11988,0
4077,0
14711,0
16466,0
6560,0
10723,0
8437,0
5063,0
95,0
17922,0
19088,0
2611,0
14516,0
11806,0
12596,0
12072,0
5703,0
16763,0
16058,0
12926,0
6742,0
13069,0
4791,0
19916,0
8694,0
15528,0
8289,0
5239,0
12269,0
18515,0
5604,0
15663,0
321,0
12988,0
8217,0
11919,0
11249,0
7254,0
12334,0
4359,0
17606,0
12216,0
15736,0
15393,0
5228,0
10564,0
4227,0
18837,0
19777,0
10411,0
18530,0
9403,0
8674,0
6393,0
5120,0
13697,0
11155,0
8085,0
10801,0
319,0
5913,0
12493,0
7018,0
5688,0
13089,0
8500,0
8218,0
16351,0
4329,0
15090,0
11456,0
19125,0
7444,0
13017,0
19606,0
8554,0
13155,0
5340,0
9701,0
17634,0
7822,0
7971,0
3869,0
9331,0
9345,0
2593,0
15469,0
4526,0
8484,0
9272,0
6057,0
12052,0
14668,0
5614,0
5493,0
16250,0
330,0
3116,0
3331,0
613,0
15915,0
12822,0
13972,0
6158,0
14176,0
15704,0
11607,0
11307,0
9363,0
9905,0
10657,0
13875,0
7496,0
16113,0
3464,0
12534,0
6900,0
7874,0
6125,0
1278,0
19404,0
9202,0
8603,0
16952,0
15859,0
949,0
7635,0
20074,0
17403,0
11183,0
13884,0
185,0
10074,0
18538,0
4062,0
14732,0
19136,0
9981,0
9072,0
13248,0
10265,0
14059,0
19519,0
13370,0
18684,0
9464,0
6630,0
7380,0
10210,0
14116,0
2952,0
11408,0
6805,0
8958,0
17533,0
17840,0
6201,0
14685,0
12405,0
7894,0
1903,0
16186,0
6679,0
13938,0
12439,0
3060,0
3859,0
16877,0
18315,0
288,0
582,0
4687,0
3270,0
7035,0
12645,0
3879,0
9565,0
2180,0
10505,0
7623,0
9827,0
11656,0
11977,0
11674,0
11075,0
9646,0
15590,0
2205,0
17176,0
19860,0
2456,0
19707,0
13137,0
11735,0
14979,0
14987,0
874,0
6877,0
11043,0
1626,0
14316,0
9165,0
2280,0
10110,0
6725,0
3819,0
19589,0
17259,0
19971,0
2955,0
13852,0
18923,0
13617,0
2400,0
6945,0
4646,0
12245,0
14999,0
18966,0
5425,0
4969,0
6341,0
11153,0
9881,0
6096,0
16711,0
20009,0
2552,0
6975,0
1665,0
3837,0
2582,0
9742,0
17903,0
11961,0
7963,0
1811,0
19520,0
3527,0
4295,0
602,0
10206,0
12290,0
8730,0
5040,0
10778,0
3275,0
1760,0
9855,0
9863,0
10961,0
11247,0
16427,0
43,0
9052,0
12627,0
2529,0
9385,0
2685,0
17710,0
15477,0
7785,0
14910,0
9404,0
8650,0
13677,0
12587,0
17719,0
15985,0
9537,0
7372,0
9636,0
2496,0
11317,0
20069,0
2422,0
10493,0
10928,0
2732,0
4217,0
4242,0
3811,0
10302,0
8148,0
18314,0
3499,0
15797,0
2022,0
18722,0
9156,0
6005,0
565,0
4118,0
5899,0
840,0
3888,0
9834,0
14844,0
14833,0
8655,0
2666,0
9341,0
4092,0
765,0
1440,0
11888,0
3872,0
14606,0
18424,0
12619,0
4865,0
14591,0
2620,0
13959,0
12704,0
6709,0
17926,0
4102,0
1359,0
9187,0
10819,0
17220,0
1193,0
45,0
14641,0
976,0
13259,0
6786,0
10124,0
2963,0
5563,0
13112,0
9776,0
10254,0
4515,0
14144,0
9581,0
5121,0
16178,0
13649,0
18654,0
19374,0
6889,0
16410,0
18058,0
10146,0
15550,0
18887,0
1751,0
14603,0
16005,0
19500,0
6282,0
13018,0
2162,0
879,0
1578,0
7573,0
1509,0
18847,0
15799,0
4112,0
13980,0
4568,0
6963,0
12128,0
19372,0
5279,0
11721,0
9434,0
3614,0
2108,0
7773,0
13636,0
6032,0
5323,0
17237,0
19263,0
4183,0
10925,0
18897,0
636,0
8983,0
9840,0
11379,0
10540,0
5890,0
2750,0
11890,0
12366,0
18781,0
13812,0
10305,0
18575,0
9183,0
598,0
4562,0
12495,0
4001,0
4659,0
8661,0
15135,0
4684,0
17497,0
14993,0
8663,0
13094,0
17319,0
5080,0
17032,0
5790,0
12953,0
18021,0
1446,0
12952,0
12887,0
13769,0
15425,0
1631,0
4091,0
17242,0
2888,0
14202,0
14106,0
7249,0
5206,0
3319,0
17797,0
916,0
527,0
10415,0
14560,0
19743,0
2819,0
11937,0
19577,0
12896,0
19091,0
6264,0
11487,0
3012,0
17357,0
9978,0
9678,0
18502,0
6107,0
774,0
11553,0
16929,0
14132,0
12969,0
7034,0
17174,0
15995,0
9193,0
12490,0
14660,0
11631,0
13388,0
14983,0
12825,0
12047,0
16505,0
777,0
15428,0
10599,0
19794,0
4019,0
9386,0
9553,0
13802,0
12063,0
15345,0
13071,0
10863,0
6083,0
9305,0
2982,0
15488,0
17813,0
14480,0
500,0
11793,0
4608,0
6000,0
2837,0
3757,0
3218,0
3520,0
6594,0
5947,0
12020,0
2588,0
4695,0
13030,0
14471,0
5241,0
12228,0
8643,0
6806,0
19592,0
9044,0
18198,0
2464,0
10263,0
15854,0
15173,0
4483,0
9180,0
16845,0
18503,0
10792,0
7234,0
7309,0
432,0
5167,0
7600,0
2801,0
14455,0
11067,0
2922,0
17823,0
7741,0
16930,0
18591,0
1245,0
17119,0
4537,0
4053,0
5931,0
19370,0
3239,0
17562,0
17439,0
11852,0
17735,0
5844,0
17977,0
4394,0
5873,0
18531,0
18367,0
16503,0
4348,0
14463,0
13967,0
8221,0
14741,0
6038,0
13337,0
7012,0
243,0
18499,0
18045,0
8298,0
6802,0
10843,0
19270,0
4830,0
12403,0
5344,0
5202,0
13691,0
18521,0
16304,0
13336,0
15643,0
3960,0
179,0
16747,0
4793,0
7436,0
12218,0
5958,0
1800,0
12960,0
9449,0
19318,0
13238,0
9753,0
12929,0
5150,0
12259,0
8515,0
18524,0
372,0
909,0
3399,0
496,0
15411,0
16097,0
16698,0
5302,0
10484,0
4365,0
15199,0
16750,0
4953,0
14673,0
256,0
8205,0
14968,0
8480,0
6287,0
11387,0
17564,0
15851,0
19885,0
11885,0
18385,0
2990,0
2784,0
17139,0
15925,0
18500,0
10600,0
11947,0
12978,0
14710,0
973,0
10598,0
4299,0
3653,0
5872,0
7598,0
7377,0
14214,0
16868,0
7195,0
9267,0
10909,0
7464,0
2825,0
11642,0
6330,0
10,0
5868,0
8855,0
18086,0
17851,0
17993,0
4814,0
13935,0
14640,0
5329,0
603,0
5756,0
6007,0
17223,0
4302,0
3006,0
8282,0
18849,0
625,0
7523,0
5830,0
1741,0
15561,0
10936,0
13896,0
13351,0
2829,0
14575,0
16507,0
10888,0
18095,0
13630,0
13498,0
7939,0
8027,0
3413,0
18806,0
13433,0
906,0
9228,0
14088,0
9372,0
19040,0
15224,0
1832,0
9632,0
12179,0
37,0
8768,0
19561,0
6203,0
3988,0
13604,0
713,0
559,0
15869,0
13627,0
2335,0
10328,0
8831,0
9073,0
19558,0
16187,0
19397,0
10418,0
13459,0
8330,0
7432,0
14266,0
8431,0
18665,0
3747,0
1597,0
18066,0
760,0
3118,0
16962,0
8903,0
6576,0
3160,0
3182,0
2377,0
4803,0
14922,0
5692,0
12463,0
19310,0
5392,0
16089,0
9371,0
19151,0
13785,0
17021,0
16880,0
8978,0
13010,0
9291,0
5372,0
19009,0
1613,0
5829,0
12509,0
18635,0
11216,0
14611,0
19183,0
2586,0
12083,0
2648,0
15794,0
18016,0
15297,0
10482,0
15270,0
14244,0
295,0
10782,0
1785,0
4382,0
19693,0
5318,0
5854,0
15059,0
9476,0
17729,0
13201,0
13362,0
9904,0
5733,0
5769,0
8741,0
19557,0
14556,0
7986,0
17554,0
3574,0
11882,0
7407,0
14029,0
7313,0
9433,0
6249,0
16625,0
7342,0
17536,0
10045,0
7902,0
9329,0
6739,0
13263,0
11272,0
4412,0
2018,0
7412,0
14622,0
11355,0
6884,0
10999,0
12785,0
12970,0
9450,0
3424,0
11993,0
15982,0
10796,0
9931,0
4080,0
4962,0
13531,0
17971,0
5467,0
10092,0
3157,0
16552,0
12393,0
8232,0
11368,0
2538,0
13845,0
5383,0
7624,0
9027,0
19241,0
799,0
427,0
19607,0
11520,0
10730,0
16686,0
7634,0
3131,0
232,0
3037,0
14952,0
19744,0
13090,0
7423,0
17928,0
16078,0
10425,0
19608,0
5369,0
17442,0
10448,0
1883,0
17349,0
9913,0
2372,0
6818,0
7750,0
5220,0
3785,0
9862,0
5794,0
8953,0
8988,0
13152,0
12442,0
6973,0
15631,0
8494,0
684,0
6037,0
10982,0
2758,0
17203,0
1654,0
1292,0
7855,0
18623,0
591,0
19986,0
18218,0
5137,0
15489,0
18082,0
6431,0
4233,0
577,0
19948,0
8011,0
11373,0
15017,0
6167,0
4094,0
11038,0
480,0
7126,0
18555,0
16937,0
8261,0
6939,0
11066,0
3305,0
4355,0
3104,0
15012,0
12124,0
9653,0
5205,0
11773,0
15960,0
12007,0
1709,0
9255,0
430,0
17356,0
17662,0
227,0
16428,0
15456,0
14876,0
7388,0
19908,0
13274,0
14659,0
8381,0
9532,0
10927,0
12696,0
4190,0
18189,0
12092,0
13509,0
17381,0
11446,0
12892,0
17273,0
2723,0
1793,0
10381,0
5430,0
12631,0
493,0
4253,0
14805,0
1463,0
15378,0
14649,0
4008,0
2287,0
658,0
11650,0
14481,0
16559,0
19964,0
8104,0
6922,0
8907,0
660,0
11566,0
6204,0
12198,0
7358,0
17315,0
7,0
11020,0
11231,0
4292,0
12311,0
2409,0
296,0
1864,0
10534,0
13810,0
18738,0
5789,0
18982,0
15802,0
11960,0
10784,0
10262,0
10574,0
3612,0
19008,0
10007,0
9157,0
444,0
11963,0
2102,0
17060,0
7145,0
3891,0
12529,0
1995,0
18833,0
5403,0
19050,0
5292,0
8051,0
15207,0
11297,0
4925,0
13021,0
19808,0
18308,0
2978,0
10034,0
12610,0
17624,0
10369,0
3466,0
5145,0
9787,0
15065,0
16903,0
13934,0
13740,0
5697,0
14810,0
12938,0
8630,0
672,0
18363,0
17855,0
14323,0
5740,0
1494,0
18937,0
5261,0
19273,0
3751,0
10968,0
756,0
10184,0
10679,0
14697,0
12597,0
17078,0
6572,0
537,0
8904,0
17465,0
6144,0
646,0
12639,0
2186,0
15961,0
19573,0
9539,0
1884,0
15622,0
18020,0
4888,0
14959,0
7028,0
16339,0
3409,0
4775,0
16875,0
13694,0
14618,0
1461,0
9024,0
18412,0
7953,0
12412,0
5664,0
13396,0
14476,0
5152,0
1937,0
12447,0
18029,0
17579,0
13514,0
5914,0
456,0
11747,0
5397,0
13559,0
3130,0
14261,0
17290,0
9361,0
952,0
2114,0
14903,0
2273,0
3244,0
16440,0
6182,0
5041,0
4817,0
16470,0
3563,0
11786,0
11581,0
6176,0
14251,0
6312,0
12309,0
12523,0
656,0
6684,0
17389,0
17913,0
12437,0
19810,0
10217,0
3231,0
17733,0
2484,0
7205,0
17256,0
8015,0
7364,0
6780,0
2627,0
19149,0
16115,0
16638,0
9473,0
18655,0
19870,0
9001,0
9287,0
2515,0
4262,0
14310,0
12425,0
415,0
6633,0
18219,0
14264,0
5778,0
7188,0
11152,0
3695,0
710,0
19038,0
4503,0
10341,0
9441,0
17064,0
10559,0
11804,0
5013,0
15824,0
2373,0
2576,0
3773,0
2239,0
3663,0
13096,0
14023,0
5138,0
14213,0
2389,0
17298,0
17000,0
13377,0
3082,0
14177,0
11323,0
19441,0
5591,0
1663,0
2901,0
4099,0
4268,0
18187,0
14108,0
16826,0
8127,0
14934,0
15951,0
2397,0
8899,0
4184,0
6618,0
14240,0
3094,0
9839,0
623,0
8009,0
12376,0
9531,0
19970,0
9292,0
10360,0
3080,0
1501,0
4995,0
11544,0
10157,0
11140,0
11761,0
17721,0
7770,0
12621,0
11895,0
1100,0
14200,0
13225,0
16284,0
13473,0
4722,0
6112,0
4238,0
7978,0
6435,0
12359,0
6081,0
5484,0
3772,0
14533,0
17278,0
2847,0
8370,0
10943,0
14102,0
15917,0
12022,0
4635,0
3540,0
5876,0
2383,0
19238,0
5977,0
5955,0
8967,0
14142,0
13534,0
10402,0
2768,0
1573,0
18700,0
3951,0
15424,0
17740,0
19320,0
1329,0
13280,0
3916,0
14992,0
14368,0
7032,0
11661,0
3542,0
19446,0
253,0
14887,0
19987,0
9340,0
2142,0
6092,0
6403,0
7632,0
9274,0
1671,0
13735,0
20039,0
13536,0
1971,0
17534,0
12246,0
10460,0
7807,0
694,0
5729,0
17476,0
17931,0
12565,0
17168,0
17919,0
19650,0
15387,0
15665,0
4979,0
6212,0
16088,0
1472,0
11981,0
13586,0
15030,0
849,0
11092,0
18022,0
10031,0
19653,0
10376,0
2210,0
16924,0
3202,0
13940,0
15750,0
19053,0
9666,0
1284,0
8606,0
3593,0
13523,0
10786,0
17849,0
11504,0
1004,0
15706,0
19232,0
16453,0
8457,0
16469,0
9334,0
15795,0
10527,0
19563,0
7021,0
8607,0
3280,0
18152,0
15249,0
11295,0
17361,0
19701,0
13795,0
11319,0
13130,0
19696,0
5414,0
10008,0
15039,0
19537,0
8121,0
7466,0
3524,0
14829,0
19234,0
16413,0
6149,0
5420,0
8612,0
16844,0
868,0
811,0
4955,0
15050,0
14504,0
6133,0
6234,0
12483,0
10035,0
19807,0
1451,0
15843,0
1513,0
2675,0
16125,0
10212,0
6608,0
14400,0
7969,0
19773,0
7826,0
16942,0
16728,0
16968,0
16455,0
4862,0
8936,0
11103,0
9507,0
1612,0
5079,0
2558,0
9022,0
18640,0
19692,0
17035,0
8653,0
11135,0
15000,0
6147,0
14785,0
29,0
520,0
6128,0
14787,0
8667,0
19975,0
4643,0
5524,0
3817,0
15825,0
17600,0
17760,0
16804,0
4826,0
9995,0
6174,0
3517,0
2016,0
9530,0
10829,0
4963,0
16062,0
1844,0
9039,0
17329,0
10223,0
9816,0
19586,0
10502,0
4533,0
8013,0
4044,0
18138,0
11976,0
9982,0
7319,0
5294,0
4473,0
11495,0
6408,0
16847,0
3634,0
16267,0
13655,0
5838,0
5349,0
16016,0
5528,0
15337,0
19164,0
19512,0
11286,0
9958,0
14182,0
5405,0
7286,0
19754,0
15448,0
8746,0
683,0
8941,0
17431,0
10500,0
15516,0
13600,0
14127,0
9902,0
679,0
10446,0
1497,0
8178,0
747,0
16931,0
4029,0
5981,0
3205,0
2882,0
4904,0
170,0
4714,0
18773,0
5001,0
10522,0
6804,0
10646,0
15829,0
3437,0
14506,0
18179,0
4965,0
10895,0
9771,0
12141,0
17374,0
18140,0
4169,0
17198,0
407,0
9925,0
9723,0
14224,0
1595,0
8909,0
15227,0
6356,0
10951,0
15365,0
8020,0
3056,0
17105,0
4316,0
12162,0
14812,0
11025,0
15993,0
4685,0
7327,0
4682,0
19828,0
3360,0
2991,0
16024,0
7202,0
4764,0
16973,0
18161,0
3325,0
12377,0
10899,0
19668,0
10413,0
824,0
14577,0
19861,0
1503,0
7305,0
5803,0
16045,0
10498,0
590,0
15807,0
13905,0
3689,0
16161,0
1491,0
9092,0
19610,0
8413,0
516,0
17744,0
2206,0
7089,0
15844,0
16004,0
11584,0
8365,0
18648,0
12169,0
14601,0
12548,0
3286,0
18433,0
9545,0
5841,0
5265,0
17490,0
9432,0
1979,0
8037,0
944,0
14568,0
15416,0
11026,0
15893,0
10373,0
13328,0
19665,0
1588,0
10645,0
9577,0
3328,0
3638,0
12101,0
10327,0
17134,0
367,0
10705,0
13486,0
15680,0
8191,0
1152,0
11816,0
4707,0
9246,0
7078,0
8950,0
4120,0
10366,0
2010,0
15672,0
14825,0
14019,0
17408,0
13326,0
12758,0
5964,0
6247,0
19721,0
2089,0
15749,0
18957,0
4191,0
14514,0
16272,0
20035,0
2957,0
18230,0
12085,0
3538,0
6907,0
12016,0
12110,0
2853,0
16338,0
4844,0
14201,0
6274,0
18092,0
11403,0
14093,0
15364,0
592,0
7882,0
11426,0
6018,0
3665,0
10497,0
3925,0
3162,0
5777,0
819,0
538,0
7997,0
5562,0
11643,0
1360,0
5950,0
7879,0
17346,0
19728,0
13265,0
4905,0
10714,0
13857,0
5541,0
11886,0
18480,0
9578,0
15211,0
17241,0
2012,0
6787,0
2474,0
6765,0
14735,0
2945,0
17481,0
13585,0
4313,0
10115,0
16233,0
5860,0
184,0
3711,0
14964,0
18823,0
12916,0
11936,0
14783,0
15003,0
3694,0
10180,0
18221,0
11018,0
17857,0
14667,0
9786,0
7625,0
12888,0
6864,0
5066,0
6840,0
10226,0
14317,0
2769,0
388,0
1953,0
16246,0
12280,0
12470,0
15878,0
14163,0
315,0
2004,0
16025,0
413,0
13651,0
14339,0
6625,0
6086,0
3383,0
5924,0
7665,0
763,0
18633,0
19385,0
13439,0
8046,0
10810,0
13012,0
10056,0
16656,0
8279,0
3597,0
18834,0
15816,0
2201,0
7300,0
13662,0
4398,0
11928,0
8654,0
2326,0
19867,0
16740,0
8318,0
18526,0
11464,0
15339,0
12684,0
8140,0
1579,0
13664,0
14285,0
605,0
12302,0
9887,0
1111,0
19048,0
8158,0
637,0
248,0
2406,0
7762,0
7655,0
6746,0
696,0
18965,0
1886,0
2228,0
15833,0
13202,0
14181,0
5612,0
9891,0
5455,0
7155,0
8814,0
17466,0
5768,0
7724,0
6569,0
3842,0
3674,0
15,0
10019,0
10039,0
6412,0
11366,0
8686,0
14416,0
5766,0
3049,0
3952,0
7897,0
309,0
12944,0
5464,0
13958,0
10274,0
5987,0
6036,0
8200,0
2517,0
14750,0
14490,0
2128,0
702,0
1947,0
4866,0
1253,0
17116,0
3147,0
9880,0
1562,0
8161,0
12840,0
15832,0
5623,0
17893,0
8527,0
13037,0
2755,0
3212,0
2694,0
17911,0
18543,0
17661,0
18453,0
8852,0
4721,0
14648,0
15651,0
16821,0
14204,0
5965,0
12799,0
18127,0
9655,0
6926,0
14509,0
19962,0
6983,0
17383,0
13113,0
19342,0
5175,0
8657,0
3087,0
10407,0
12535,0
19683,0
3187,0
16116,0
2030,0
10383,0
10862,0
14468,0
12873,0
19644,0
15888,0
13701,0
15992,0
15703,0
9870,0
17894,0
19388,0
3736,0
12307,0
245,0
19544,0
4096,0
2213,0
15594,0
1521,0
7656,0
7821,0
5030,0
12899,0
16471,0
10004,0
2527,0
8139,0
3591,0
18960,0
9149,0
3905,0
13085,0
11304,0
1675,0
18114,0
10821,0
19915,0
2056,0
18192,0
19509,0
2304,0
9392,0
7912,0
13653,0
16918,0
2679,0
7268,0
18123,0
18286,0
14539,0
2348,0
11036,0
10818,0
19111,0
15410,0
5146,0
13837,0
18719,0
6459,0
14161,0
18474,0
6836,0
15403,0
12491,0
12481,0
2683,0
8284,0
18770,0
13218,0
7884,0
4422,0
19793,0
11943,0
4553,0
13744,0
749,0
4506,0
12571,0
333,0
10631,0
5180,0
15716,0
12165,0
19471,0
8319,0
10353,0
13824,0
2188,0
8860,0
15678,0
14493,0
6177,0
10186,0
15189,0
11131,0
17556,0
12026,0
12235,0
5400,0
13002,0
15929,0
2331,0
4561,0
79,0
3763,0
8310,0
6844,0
18181,0
14319,0
2357,0
4664,0
15473,0
19015,0
12879,0
4127,0
18899,0
10059,0
19973,0
17950,0
11013,0
9489,0
18402,0
2124,0
9647,0
5659,0
7944,0
3976,0
732,0
9100,0
5196,0
13423,0
5707,0
611,0
15234,0
19528,0
8965,0
17483,0
13474,0
19135,0
17651,0
11848,0
15589,0
18605,0
8937,0
20029,0
15354,0
15071,0
14436,0
14361,0
13376,0
9249,0
173,0
17754,0
335,0
5151,0
8600,0
8499,0
13755,0
1526,0
5388,0
15171,0
6936,0
10590,0
17954,0
3154,0
8272,0
5049,0
106,0
10392,0
12120,0
3404,0
5639,0
9250,0
8359,0
19961,0
6723,0
16219,0
6525,0
6387,0
19394,0
5096,0
19666,0
12036,0
1528,0
8197,0
11306,0
8829,0
1662,0
12079,0
18650,0
16325,0
15395,0
15415,0
12511,0
10567,0
15535,0
18542,0
15293,0
11792,0
6934,0
10711,0
7220,0
18716,0
18322,0
4130,0
15578,0
18487,0
1217,0
8410,0
19092,0
6827,0
19178,0
6345,0
17413,0
15840,0
2391,0
14958,0
1954,0
6321,0
6260,0
8568,0
13300,0
2342,0
5516,0
5910,0
3678,0
5681,0
13538,0
17978,0
9966,0
14404,0
20,0
8345,0
14678,0
14465,0
16147,0
18604,0
15377,0
1851,0
4139,0
2473,0
12965,0
8239,0
12274,0
19954,0
16293,0
10277,0
17440,0
16305,0
13728,0
15864,0
10026,0
6053,0
7901,0
61,0
17785,0
9758,0
5312,0
3098,0
8576,0
20004,0
9500,0
16961,0
17025,0
5164,0
8094,0
18062,0
9132,0
6822,0
13566,0
7672,0
16989,0
14254,0
3132,0
16457,0
13499,0
15191,0
16426,0
18733,0
13209,0
14184,0
3451,0
19510,0
14961,0
8692,0
457,0
11443,0
8816,0
5962,0
12503,0
19634,0
63,0
11090,0
11820,0
5545,0
9798,0
7628,0
3029,0
12069,0
7053,0
12209,0
19054,0
7873,0
13468,0
7722,0
14865,0
1454,0
18272,0
18569,0
7247,0
18463,0
18667,0
17949,0
17925,0
1615,0
7946,0
8546,0
3973,0
7594,0
5567,0
7176,0
1598,0
18830,0
10675,0
1803,0
18107,0
10300,0
12014,0
10033,0
7139,0
8928,0
19927,0
772,0
14104,0
17838,0
8596,0
2332,0
4424,0
12460,0
14492,0
4221,0
17428,0
19524,0
9871,0
5346,0
17158,0
18557,0
5361,0
5284,0
14946,0
1896,0
15874,0
8888,0
12004,0
4429,0
14121,0
13988,0
3774,0
3316,0
216,0
10224,0
5291,0
11688,0
9705,0
16317,0
14057,0
19331,0
19946,0
3576,0
19219,0
394,0
14375,0
871,0
2816,0
14703,0
17427,0
12181,0
4098,0
18638,0
12798,0
7608,0
8225,0
13160,0
19827,0
8813,0
12288,0
2288,0
1943,0
5721,0
9260,0
14378,0
4057,0
14063,0
10466,0
891,0
275,0
8575,0
12222,0
4723,0
11068,0
10434,0
3427,0
14457,0
2595,0
12276,0
4948,0
5125,0
7708,0
19539,0
17303,0
17050,0
13197,0
6443,0
16259,0
14632,0
5717,0
16038,0
2029,0
15568,0
19929,0
2057,0
17673,0
10108,0
14600,0
4237,0
8703,0
7726,0
6656,0
18799,0
17034,0
12499,0
4802,0
3008,0
1351,0
18208,0
14242,0
17739,0
16318,0
6621,0
5853,0
10346,0
10204,0
19141,0
18756,0
17417,0
13984,0
13310,0
3691,0
11733,0
6299,0
14864,0
5767,0
8632,0
18112,0
12516,0
7333,0
11508,0
10162,0
15062,0
133,0
9402,0
9671,0
9584,0
17183,0
866,0
13164,0
16033,0
4111,0
13846,0
14626,0
19495,0
567,0
13251,0
6762,0
5161,0
8771,0
13525,0
9683,0
9809,0
2019,0
17409,0
9861,0
11206,0
12793,0
3338,0
14977,0
1924,0
6205,0
10611,0
11179,0
2628,0
16854,0
3492,0
16118,0
17768,0
8525,0
7749,0
19555,0
306,0
19175,0
2058,0
6508,0
11000,0
11010,0
8057,0
12402,0
7215,0
19289,0
4231,0
12244,0
12650,0
4015,0
1999,0
1656,0
4395,0
6693,0
8164,0
18201,0
2903,0
12989,0
6505,0
1839,0
5181,0
11337,0
9071,0
8035,0
17238,0
18049,0
13464,0
2531,0
18053,0
16933,0
6758,0
9415,0
14129,0
8192,0
14090,0
16953,0
6577,0
8882,0
11132,0
5139,0
620,0
11187,0
12806,0
7050,0
898,0
12810,0
18209,0
5271,0
532,0
4455,0
12680,0
12620,0
13822,0
11959,0
19575,0
7661,0
2452,0
2417,0
19678,0
9812,0
14381,0
19327,0
1237,0
3914,0
8878,0
4676,0
14396,0
19638,0
8364,0
8331,0
2921,0
12147,0
19339,0
6931,0
7514,0
17515,0
9251,0
12927,0
13291,0
4649,0
2209,0
16218,0
10885,0
9924,0
13936,0
12487,0
7142,0
8291,0
15479,0
833,0
2596,0
12462,0
13033,0
3283,0
10978,0
15940,0
11935,0
7717,0
18529,0
8590,0
17148,0
5050,0
2570,0
14978,0
17391,0
5293,0
17377,0
13610,0
7621,0
2449,0
7487,0
3533,0
15654,0
6793,0
7547,0
4301,0
13311,0
5169,0
11416,0
429,0
2966,0
8309,0
9389,0
4959,0
15661,0
2115,0
3344,0
4900,0
2060,0
8614,0
17234,0
14549,0
13818,0
6921,0
2249,0
18258,0
13535,0
260,0
5479,0
2264,0
881,0
3473,0
18278,0
8452,0
8846,0
5936,0
1718,0
11230,0
10696,0
17028,0
5871,0
9411,0
5802,0
3307,0
4192,0
2459,0
8574,0
17558,0
12406,0
17161,0
5821,0
10507,0
18251,0
5444,0
11583,0
11562,0
9893,0
17751,0
4716,0
7861,0
1723,0
4536,0
6632,0
5045,0
825,0
2215,0
5747,0
16196,0
9664,0
3460,0
9047,0
13055,0
6994,0
15025,0
15637,0
9002,0
18442,0
14639,0
7256,0
3469,0
6339,0
7470,0
15181,0
17782,0
8528,0
12787,0
15495,0
9868,0
8366,0
6498,0
19516,0
3322,0
17514,0
19494,0
4030,0
7859,0
521,0
6104,0
16243,0
376,0
8918,0
12659,0
4579,0
10824,0
10802,0
15815,0
13725,0
12104,0
15598,0
2171,0
18734,0
4343,0
17102,0
1482,0
13367,0
16137,0
14222,0
7326,0
10154,0
6579,0
5042,0
7831,0
15079,0
1858,0
3604,0
4064,0
10063,0
4781,0
3355,0
8599,0
1765,0
17492,0
19697,0
15789,0
4162,0
13821,0
2407,0
11378,0
15299,0
3465,0
443,0
18672,0
10660,0
18399,0
2943,0
12354,0
3045,0
15298,0
19329,0
13928,0
704,0
9320,0
16741,0
5098,0
2548,0
16494,0
4744,0
11237,0
13781,0
17352,0
13515,0
15351,0
4209,0
9068,0
2655,0
642,0
5437,0
17143,0
14969,0
9626,0
5477,0
12050,0
14386,0
7518,0
1686,0
14651,0
3881,0
5727,0
13063,0
14942,0
3693,0
11887,0
8099,0
15986,0
5286,0
13229,0
18146,0
13387,0
6242,0
10256,0
5123,0
6187,0
4950,0
872,0
15609,0
12044,0
10264,0
2310,0
9066,0
6595,0
2369,0
3467,0
9332,0
5700,0
13692,0
2764,0
1197,0
20067,0
15681,0
7075,0
3455,0
9936,0
9687,0
10191,0
12777,0
4012,0
9835,0
528,0
9511,0
10924,0
14275,0
15267,0
13872,0
981,1
108,1
18536,1
130,1
3430,1
15924,1
1879,1
15714,1
14358,1
6892,1
17843,1
16519,1
10701,1
16517,1
10439,1
1744,1
15926,1
18348,1
16540,1
4031,1
1582,1
109,1
16423,1
12718,1
13440,1
8093,1
408,1
5433,1
12761,1
4535,1
14031,1
1728,1
3254,1
17095,1
14337,1
744,1
17835,1
1106,2
2852,2
1342,2
2187,2
19075,2
1495,2
1241,2
10447,2
16509,2
161,2
4647,2
18844,2
11027,2
16644,2
18931,2
1318,2
12590,2
16817,2
1293,2
16252,2
13638,2
11042,2
17973,2
15015,2
11647,2
4490,2
7224,2
19455,2
3641,2
3335,2
14547,2
3380,2
1269,2
1900,2
1655,2
12883,2
18796,2
3091,2
16670,2
16690,2
17246,2
492,2
1302,2
16527,2
19997,2
14542,2
16626,2
3858,2
1306,2
433,2
10310,2
11950,2
10841,2
1628,2
3178,2
781,3
12611,3
1069,3
1244,3
8818,3
10394,3
16768,3
11484,3
17825,3
8681,3
183,3
10521,3
10427,3
16103,3
17992,3
19757,3
1890,3
1891,3
17988,3
67,3
19090,3
1560,3
15102,3
17480,3
8441,3
19373,3
1759,3
8804,3
8142,3
4491,3
282,3
18306,3
7857,3
18091,3
1515,3
446,3
664,3
18896,3
1258,3
1732,3
1822,3
807,3
12701,3
196,3
17683,3
7263,3
3371,3
3388,3
16628,4
11942,4
18967,4
18909,4
12300,4
207,4
10652,4
12667,4
13298,4
19226,4
814,4
16592,4
11663,4
19549,4
1085,4
18106,4
18926,4
125,4
16645,4
19006,4
18113,4
10771,4
8467,4
1544,4
19106,4
369,4
17425,4
3400,4
465,4
17707,4
3296,4
16627,4
16515,4
3379,4
3336,4
17435,4
16485,4
19179,5
3372,5
11333,5
15195,5
19199,5
17459,5
1547,5
5640,5
19933,5
12154,5
1949,5
422,5
6883,5
1279,5
1860,5
4258,5
17968,5
1915,5
733,5
1308,5
2778,5
16189,5
399,5
18790,5
19974,5
15066,5
15490,5
16584,5
12195,5
16704,5
18895,5
391,5
1339,5
17193,5
16787,5
16610,5
70,5
18924,5
19131,5
14300,5
18007,5
3145,5
2193,5
18855,6
16712,6
15394,6
1859,6
10620,6
11770,6
81,6
16677,6
361,6
16974,6
3172,6
10068,6
16770,6
12392,6
1866,6
19863,6
472,6
17309,6
7793,6
1854,6
19782,6
4003,6
16717,6
1919,6
15121,6
441,6
1305,6
16954,6
16683,6
15100,6
16660,6
6496,6
2479,6
1263,6
1646,6
19230,6
17854,6
10444,6
8509,6
7538,7
7330,7
10779,7
14739,7
19554,7
13275,7
19387,7
16710,7
11398,7
1852,7
18947,7
18120,7
6562,7
19940,7
18811,7
3257,7
1368,7
284,7
12748,7
16516,7
145,7
1195,7
10525,7
14421,7
1784,7
1242,7
12585,7
16574,7
18747,7
8368,7
19002,7
10580,7
2261,7
15245,7
16581,7
16753,7
16718,8
16759,8
1797,8
2200,8
757,8
10058,8
111,8
16616,8
1188,8
9114,8
1635,8
18105,8
3271,8
16380,8
11728,8
10767,8
1295,8
18766,8
13631,8
303,8
12928,8
16477,8
19312,8
10991,8
3577,8
18352,8
1906,8
14662,8
19250,8
846,8
18819,8
19023,9
3220,9
17852,9
19204,9
18779,9
1320,9
18921,9
18979,9
3377,9
19522,9
10737,9
18296,9
15350,9
19630,9
3631,9
17093,9
3369,9
966,9
19383,9
20041,9
10539,9
1565,9
2079,9
15329,9
10390,9
19953,9
18678,9
16215,9
16533,9
17084,9
16776,9
13104,9
19316,9
8727,9
3873,9
2212,9
14034,9
16654,10
12095,10
18344,10
15080,10
1030,10
17698,10
17642,10
1280,10
754,10
2338,10
325,10
1724,10
17692,10
10830,10
17098,10
2314,10
8473,10
12832,10
2000,10
1344,10
16771,10
11048,10
18440,10
87,10
18828,10
18831,10
1442,10
18980,10
18976,10
14248,10
1000,10
15246,10
3740,10
16541,10
8763,10
1375,10
16745,10
16785,10
8076,11
18696,11
11830,11
13602,11
80,11
3381,11
1568,11
19083,11
16791,11
16322,11
16667,11
152,11
4620,11
381,11
1817,11
19681,11
1551,11
9136,11
18380,11
1260,11
1865,11
16604,11
11233,11
10513,11
17449,11
12936,11
8481,11
1868,11
3055,11
2005,11
1209,11
1872,11
634,11
10930,11
822,12
10316,12
19059,12
14927,12
11596,12
3327,12
3078,12
19185,12
1969,12
10245,12
16501,12
1049,12
3342,12
18069,12
1338,12
16279,12
7461,12
19889,12
4693,12
101,12
10560,12
11636,12
15230,12
800,12
14726,12
17953,12
18391,12
12939,12
12249,12
5338,12
18932,12
10686,12
12166,12
3341,12
1113,12
14580,12
18846,12
2085,12
11218,12
3123,12
1875,12
10674,13
19120,13
11034,13
10473,13
9217,13
19786,13
157,13
18883,13
17711,13
16664,13
793,13
17467,13
748,13
14849,13
401,13
1232,13
12254,13
19044,13
17597,13
15400,13
455,13
18767,13
10533,13
158,13
12641,13
14718,13
1255,13
8711,13
18324,13
16635,13
19766,13
11835,14
18012,14
16729,14
74,14
16637,14
17816,14
3396,14
6555,14
2313,14
12935,14
11380,14
999,14
11601,14
13996,14
12522,14
16731,14
3188,14
16739,14
12292,14
17667,14
16310,14
11394,14
12937,14
8173,14
797,15
1867,15
4616,15
805,15
14559,15
14511,15
3198,15
10665,15
16651,15
19801,15
19304,15
12844,15
1502,15
1647,15
14325,15
4668,15
14561,15
1349,15
1426,15
12923,15
19850,15
6475,15
1089,15
11078,15
12940,15
16490,15
10718,15
14332,15
11525,15
964,15
11266,15
14719,15
3260,15
19334,15
10593,15
3120,15
5674,15
6558,15
766,15
12914,15
18234,15
187,15
19062,15
78,15
16709,15
13428,15
10452,15
16782,15
4592,15
18553,15
16746,15
14393,15
4611,15
16743,15
18769,15
11790,15
6887,15
1410,15
18791,15
124,15
6419,15
18761,15
18300,15
2634,15
149,15
12766,15
15076,15
18836,15
18848,15
10424,15
19930,16
10359,16
6964,16
11841,16
11686,16
13461,16
2701,16
19941,16
17696,16
19881,16
17927,16
3179,16
18443,16
3057,16
11794,16
7910,16
19162,16
12769,16
4573,16
1965,16
16630,16
7641,16
734,16
3245,16
19096,16
717,16
11594,16
11716,16
8445,16
11582,16
1268,16
2119,16
13628,16
6524,16
9005,16
10166,16
2328,16
19215,16
18948,16
16382,16
12241,16
3137,16
4591,16
6552,16
11754,16
16790,16
16587,16
15333,16
968,16
10724,16
19877,16
8503,16
19321,16
7025,16
8710,16
12262,16
16462,16
8742,16
16052,16
4517,16
847,16
844,16
1706,16
9062,16
1972,16
948,16
6615,16
15379,16
1283,16
1925,16
11434,16
3389,16
3573,16
12583,16
3624,17
8986,17
16783,17
3263,17
11618,17
1763,17
13289,17
6457,17
16773,17
14077,17
12800,17
14439,17
17479,17
14839,17
1078,17
113,17
6192,17
13601,17
15093,17
1005,17
6689,17
17326,17
58,17
13643,17
16653,17
8744,17
12145,17
3949,17
19163,17
18871,17
131,17
6724,17
10981,17
16591,17
4542,17
17873,17
19080,17
885,17
3660,17
12172,17
18908,17
10634,17
19368,17
7260,17
2492,17
802,17
780,17
10311,17
1590,17
16407,17
1885,17
7928,17
16648,17
14017,17
9208,17
18341,17
17836,17
1062,17
16735,17
14806,17
1966,17
8403,17
1893,17
16655,17
11651,17
6657,17
11159,18
836,18
3995,18
11241,18
10301,18
4215,18
18825,18
3228,18
18949,18
69,18
1075,18
11725,18
11579,18
6513,18
18774,18
8803,18
16640,18
1251,18
16703,18
3252,18
12445,18
19340,18
15231,18
8524,18
3646,18
17910,18
8335,18
4825,18
8492,18
691,18
16460,18
7669,18
11874,18
11687,18
1411,18
14109,18
12093,18
1945,18
10712,18
11732,18
4565,18
19732,18
73,18
10592,18
13270,18
13526,18
16121,18
16548,18
11432,18
12941,18
3956,18
20040,18
19249,18
2146,18
11827,18
16570,18
10605,18
7838,18
86,18
8669,18
18826,18
18613,18
4634,18
1960,19
18975,19
11195,19
17107,19
8805,19
19435,19
18943,19
18239,19
20073,19
1629,19
12256,19
11235,19
1418,19
18800,19
14410,19
2290,19
18549,19
18946,19
19704,19
8519,19
1400,19
3314,19
2482,19
1345,19
11047,19
3337,19
2234,19
725,19
18356,19
14687,19
20063,19
18879,19
1007,19
18641,19
3025,19
6581,19
12205,19
11926,19
969,19
778,19
6941,19
18793,19
1614,19
10477,19
751,19
16225,19
7189,19
16749,19
16689,19
11250,19
6902,19
10890,19
7560,19
12875,19
11685,19
8647,19
10833,19
3030,19
20048,19
11176,19
8944,19
12189,19
19750,19
19936,19
1081,19
6559,19
1243,19
14834,19
12593,19
1294,19
16744,19
3036,20
8868,20
19622,20
1117,20
10422,20
2023,20
19211,20
11797,20
18445,20
16566,20
13616,20
2806,20
19507,20
16160,20
19437,20
16708,20
16701,20
8800,20
10715,20
4578,20
8348,20
18917,20
3127,20
18914,20
3026,20
12397,20
16781,20
10798,20
18886,20
7995,20
1390,20
44,20
19711,20
6888,20
19196,20
7935,20
18953,20
4569,20
10617,20
19282,20
768,20
11381,20
18840,20
16618,20
10563,20
1073,20
18930,21
4486,21
10529,21
1248,21
6722,21
11009,21
214,21
17248,21
1904,21
19138,21
11903,21
11635,21
1205,21
18370,21
8209,21
18072,21
4628,21
2071,21
94,21
1289,21
16607,21
16752,21
3022,21
11196,21
2309,21
12285,21
3219,21
2802,21
4607,21
14172,21
12149,21
16756,21
19822,21
12504,21
12150,21
3677,21
19706,21
19288,21
6507,21
153,21
12017,21
11932,21
2798,21
52,21
8963,21
11795,21
18682,21
16191,22
17443,22
16565,22
7591,22
8793,22
8969,22
12404,22
2260,22
19379,22
11842,22
16727,22
18456,22
15935,22
16479,22
19874,22
17871,22
16556,22
11127,22
1012,22
2341,22
1377,22
16074,22
1481,22
12227,22
16531,22
8401,22
11893,22
17111,22
286,22
11628,22
19468,22
19173,22
19847,22
11341,22
16955,22
11789,22
16967,22
18125,22
15783,22
1309,22
1610,22
6567,22
10195,22
16330,23
8921,23
11831,23
18084,23
1913,23
19879,23
13107,23
16429,23
1364,23
13105,23
1298,23
13185,23
8098,23
1940,23
11845,23
10397,23
8701,23
3637,23
16332,23
18843,23
18959,23
4527,23
10586,23
1119,23
8725,23
18752,23
1967,23
15930,23
19157,23
17672,23
2336,23
19042,23
18126,23
16525,23
14848,23
3191,23
10194,23
18297,23
428,23
4621,23
16761,23
3199,23
2035,23
8548,23
14990,23
6520,23
10752,24
534,24
17186,24
19408,24
7171,24
16545,24
356,24
10672,24
16500,24
1331,24
400,24
6651,24
16450,24
16595,24
17041,24
15123,24
18801,24
1250,24
18978,24
16631,24
19991,24
6707,24
789,24
11424,24
2329,24
12829,24
16416,24
10357,24
19019,24
14793,24
7314,24
18760,25
16691,25
16521,25
6673,25
12378,25
18969,25
18325,25
16671,25
8715,25
1128,25
19907,25
100,25
11758,25
6485,25
16774,25
3149,25
1086,25
16299,25
11217,25
10669,25
16543,25
12416,25
16451,25
16909,25
16289,25
18964,25
3332,25
12263,25
18782,25
5990,25
16393,25
3099,25
8690,25
6456,25
19158,25
16336,25
1256,25
18850,25
8911,25
8700,25
16409,25
1186,25
11441,25
1254,25
4273,25
18906,25
121,25
16316,26
8801,26
19018,26
18797,26
13117,26
6687,26
16624,26
18808,26
18999,26
1523,26
6619,26
1120,26
3086,26
7207,26
997,26
12933,26
92,26
1099,26
1636,26
3626,26
14353,26
3897,26
16688,26
85,26
17552,26
4697,26
1281,26
16623,26
2631,26
8552,26
2015,26
19052,26
11896,26
1563,26
8905,26
12206,26
11673,26
10313,26
2381,26
8372,26
5216,26
3084,26
3068,27
10345,27
17966,27
11292,27
18998,27
14562,27
17333,27
12090,27
11829,27
1333,27
16288,27
16730,27
19155,27
14192,27
11439,27
16760,27
19392,27
18537,27
16611,27
8947,27
6503,27
4583,27
1215,27
1727,27
6711,27
14816,27
14826,27
93,27
1424,27
17053,27
10791,27
18335,27
12056,27
16801,27
10790,27
3243,27
3981,27
19055,27
1889,27
10355,27
12868,27
16296,27
10828,28
4040,28
2281,28
12125,28
14197,28
13998,28
14096,28
16794,28
10627,28
11884,28
4928,28
810,28
10416,28
1376,28
19506,28
4666,28
10488,28
11745,28
10768,28
18990,28
431,28
12507,28
3039,28
1019,28
1944,28
18244,28
1043,28
140,28
18668,29
16498,29
8511,29
19029,29
6514,29
2569,29
4289,29
1907,29
1189,29
11471,29
3040,29
16146,29
395,29
1072,29
16766,29
1881,29
8837,29
1395,29
790,29
155,29
16557,29
16495,29
10100,29
764,29
959,30
195,30
12075,30
19049,30
11290,30
12190,30
16198,30
18874,30
6208,30
4516,30
11917,30
1108,30
16985,30
16283,30
19174,30
15038,30
1095,30
3970,30
19047,30
16152,30
3076,30
2379,30
2250,30
10807,30
18988,30
2248,30
1163,30
4838,30
1133,30
1993,30
958,30
3139,31
13192,31
10170,31
18109,31
745,31
5993,31
16800,31
1024,31
16767,31
18839,31
16797,31
16658,31
1330,31
11901,31
90,31
18944,31
18940,31
12253,31
8945,31
14135,31
12258,31
11638,31
1917,31
3688,31
18977,31
8794,31
11834,31
10490,31
10662,32
1432,32
51,32
1374,32
3028,32
16615,32
18290,32
11120,32
1740,32
18916,32
11902,32
16687,32
10368,32
3194,32
16661,32
13506,32
1650,32
13553,32
1922,32
18927,32
1211,32
16906,32
16439,32
18989,32
19412,32
8713,33
16549,33
7767,33
18925,33
1121,33
8830,33
1203,33
2320,33
16636,33
1975,33
1392,33
18015,33
1623,33
5903,33
14247,33
979,33
1046,33
16524,33
13966,33
13173,33
1136,33
1311,33
1366,34
12779,34
10485,34
1131,34
18025,34
19188,34
1928,34
8828,34
12898,34
12279,34
4122,34
6870,34
10826,34
19,34
1316,34
5884,34
11744,34
2044,34
18376,34
16965,34
919,34
11610,34
19815,34
16484,34
4739,34
618,35
19347,35
4604,35
164,35
11843,35
954,35
19025,35
16583,35
1380,35
17810,35
4522,35
18395,36
8737,36
4582,36
10410,36
7475,36
16182,36
1214,36
6821,36
3004,36
19170,36
6538,36
998,36
19260,36
11012,36
6425,36
1833,36
16748,36
12786,36
19031,36
12157,36
20003,37
11268,37
1326,37
4639,37
11614,37
19795,37
1990,37
1416,37
1259,37
16879,37
96,37
923,37
12647,37
1035,37
1063,37
991,37
8811,38
14028,38
16609,38
1372,38
17444,38
4651,38
18842,38
8758,38
16538,38
11832,38
18265,38
4570,38
1028,38
1619,38
17213,38
1429,38
461,38
19214,38
1356,39
6448,39
16723,39
1097,39
1169,39
16871,39
1045,39
6613,39
8496,39
16562,39
15108,39
11839,39
19297,39
10499,40
19045,40
16769,40
16514,40
4478,40
13115,40
16724,40
8976,40
12074,40
3053,40
18935,40
1987,40
3238,40
8759,40
14929,40
18864,41
962,41
16719,41
386,41
1328,41
297,41
14569,41
445,41
12917,41
18941,41
16784,42
727,42
8984,42
16290,42
1207,42
16415,42
5726,42
11908,42
3097,42
8679,43
1779,43
1226,43
1748,43
2316,43
11336,43
477,43
18888,43
1183,43
11771,43
15063,44
1026,44
19299,44
13024,44
1198,44
1609,44
1071,44
1332,44
992,44
1167,44
16681,44
16506,44
4179,44
8956,44
18311,44
1266,44
1057,44
4511,44
8765,44
3063,45
6944,45
2098,45
19035,45
16241,45
8687,45
1602,45
16434,45
6518,45
1002,45
1042,45
8788,45
8808,45
16280,45
1425,45
18945,46
16585,46
3134,46
10804,46
989,46
16532,46
6041,46
10261,46
1358,46
1139,46
1233,46
1315,46
7004,47
16311,47
3249,47
12913,47
8756,47
6461,47
1040,47
4596,47
18134,47
1134,47
1038,47
16736,48
16144,48
3250,48
8843,48
8964,48
1413,48
1287,48
6439,48
994,48
13540,48
4575,48
83,49
1065,49
2556,49
6454,49
3827,49
1403,49
8708,49
19213,50
1048,50
18996,50
8714,50
478,50
1093,50
3214,50
4093,50
6338,50
15389,50
16678,50
18002,50
1115,50
163,51
16157,51
1037,51
3823,51
1132,51
18725,51
8934,51
2911,51
3031,51
1018,51
965,51
10336,52
982,52
16641,52
13632,52
3044,52
1985,52
974,52
1384,52
19276,52
3237,53
2311,53
1952,53
3253,53
8696,53
3102,53
8442,53
5967,53
984,53
11264,53
3093,53
3108,54
11738,54
1399,54
18856,54
2533,54
8961,54
14530,54
6867,55
8766,55
4534,55
19022,55
12918,55
357,55
1039,55
1291,55
1698,55
1755,55
1625,56
3075,56
10994,56
16274,56
6218,56
972,56
1079,56
1129,56
11580,57
18882,57
1948,57
3209,57
8773,57
1196,58
13361,58
1325,58
1170,58
1181,58
4116,58
11613,59
1110,59
1013,59
1125,59
1265,59
19279,59
11201,59
6423,59
11833,59
19017,59
1088,59
3247,60
8790,60
1171,60
62,60
11711,60
983,60
3088,60
8077,60
8772,61
8751,61
1286,61
1408,62
8981,62
4717,62
7132,62
1076,62
4033,62
19625,62
3167,62
1422,62
19629,63
1014,63
1829,63
3074,63
6217,63
1404,63
633,63
1036,63
1066,63
1141,63
1385,64
3067,64
10443,64
1483,64
3144,64
1782,64
1041,65
1423,65
10396,65
1882,65
16167,65
1930,66
1923,66
13260,66
1934,66
1348,67
1056,67
2049,67
10171,67
14389,67
8832,68
16778,68
16765,68
12947,68
10387,69
1396,69
1138,69
8709,69
3114,69
1666,70
1104,71
1145,71
1022,71
2532,71
19156,72
1412,72
1135,72
1098,72
8767,72
16306,72
1431,72
16364,72
7639,73
1694,73
1154,74
1388,74
1479,74
1369,74
1050,76
10143,76
2803,76
1274,77
3069,77
3021,78
16433,78
8397,78
1070,78
2147,79
1102,79
1068,79
5938,79
3071,80
3937,80
1151,81
14367,82
1101,82
8782,82
1983,82
1179,82
3042,83
72,83
1091,83
1127,84
1011,84
1178,85
16309,85
1378,85
1080,86
1143,86
1064,87
1908,89
1247,89
1405,90
1391,91
996,92
8822,92
1382,92
961,93
1177,94
987,94
1103,94
1146,96
1184,96
1156,97
1379,99
1845,100
11335,100
1173,101
3890,102
1414,102
1853,102
71,103
13374,103
1094,103
299,104
1142,105
1340,106
1009,106
995,106
1484,107
1067,107
1417,108
1096,108
1003,109
1174,109
1158,111
18984,111
1500,111
990,112
1469,114
4719,114
1112,117
14445,117
2252,118
1389,118
1109,118
4810,118
1107,118
1083,119
18216,119
1861,119
1058,120
1574,121
1160,121
1044,121
18307,122
1175,122
1116,123
2615,125
1304,125
1301,125
14304,126
16720,129
1165,130
55,130
1180,130
1130,135
1150,138
978,139
1257,139
1386,140
639,145
1677,146
1684,146
1025,150
985,151
1716,155
1176,155
4831,155
1743,156
18938,156
11478,157
1705,158
1157,159
1415,160
1406,161
1020,164
19264,165
1997,171
1394,178
1033,180
1155,180
1164,185
470,189
1185,191
1118,193
1192,196
4610,196
1310,197
1029,198
986,204
16680,205
1137,220
1148,224
1047,224
1420,234
1703,239
1054,240
1161,245
1387,246
1383,253
3193,261
1105,263
1428,270
1010,272
4797,301
1187,301
1126,304
418,314
1285,315
16713,320
1159,325
1407,350
1059,356
1124,376
1149,379
1421,521
16684,624
2025,701
